student id,student name,gender,major,study hours,attendance pct,previous score,sleep hours,final score,grade,passed
1,Alice,Male,Physics,8.0,71.4,90.3,6.1,97.1,A,1
2,Ben,Female,Computer Science,0.7,51.3,30.5,7.9,45.3,B,0
3,Carla,Male,Business,9.9,55.4,65.8,6.0,100.0,B,1
4,Dev,Male,Mathematics,7.7,51.6,59.2,8.7,84.7,A,1
5,Ella,Male,Physics,2.0,81.8,45.5,8.7,65.0,B,1
6,Farid,Female,Business,0.1,65.7,38.4,8.7,50.2,A,1
7,Grace,Male,Computer Science,8.2,75.4,53.6,5.9,94.7,D,1
8,Hina,Male,Computer Science,7.1,95.4,96.0,7.1,100.0,A,1
9,Ivan,Male,Biology,7.3,62.5,52.6,6.4,85.9,B,1
10,Jia,Female,Biology,7.7,70.5,66.3,8.1,90.3,B,1
11,Kofi,Male,Mathematics,0.7,87.8,79.2,9.0,74.0,B,1
12,Lina,Male,Business,3.6,61.4,55.5,8.0,73.9,B,1
13,Milo,Male,Business,1.2,53.8,98.0,7.0,69.1,A,1
14,Nora,Male,Biology,8.6,64.5,97.4,6.6,100.0,D,1
15,Omar,Female,Business,6.2,58.1,47.6,7.8,73.8,C,1
16,Priya,Male,Business,3.3,96.5,64.8,5.5,70.7,D,1
17,Quinn,Female,Computer Science,0.6,90.4,51.1,7.6,61.3,C,1
18,Rosa,Female,Biology,3.1,81.7,49.9,5.9,72.4,B,1
19,Sami,Female,Physics,3.3,93.6,32.6,7.7,69.0,D,1
20,Tara,Male,Biology,7.3,90.2,72.7,6.8,100.0,A,1
21,Uma,Female,Physics,6.4,59.3,65.2,6.5,79.3,A,1
22,Vik,Male,Computer Science,8.9,94.6,33.6,5.9,96.9,A,1
23,Wei,Female,Mathematics,4.7,77.0,49.5,6.6,67.3,B,1
24,Xena,Female,Business,1.2,90.4,93.6,7.7,71.9,B,1
25,Yusuf,Female,Computer Science,7.1,94.8,46.8,8.3,98.2,A,1
26,Zara,Female,Business,7.6,65.9,40.1,7.6,83.5,C,1
27,Aiden,Female,Mathematics,5.6,55.5,64.3,8.6,86.3,B,1
28,Bella,Female,Mathematics,7.7,61.4,99.0,10.0,100.0,A,1
29,Chen,Female,Computer Science,4.9,71.4,46.9,6.6,86.4,B,1
30,Diya,Female,Mathematics,5.2,90.9,77.0,6.8,91.4,A,1